{"clientSchemaVersion":1.0,"serverSchemaVersion":7.0,"exportedApplication":{"name":"receiving-application","isPublic":true,"pages":[{"id":"Page1","isDefault":true}],"publishedPages":[{"id":"Page1","isDefault":true}],"viewMode":false,"appIsExample":false,"unreadCommentThreads":0.0,"unpublishedApplicationDetail":{"appPositioning":{"type":"FIXED"}},"publishedApplicationDetail":{"appPositioning":{"type":"FIXED"}},"color":"#E4D8CC","icon":"arrow-right","slug":"receiving-application","unpublishedCustomJSLibs":[],"publishedCustomJSLibs":[],"evaluationVersion":2.0,"applicationVersion":2.0,"collapseInvisibleWidgets":true,"isManualUpdate":false,"deleted":false},"datasourceList":[],"customJSLibList":[],"pageList":[{"unpublishedPage":{"name":"Page1","slug":"page1","layouts":[{"viewMode":false,"dsl":{"widgetName":"MainContainer","backgroundColor":"none","rightColumn":4896.0,"snapColumns":64.0,"detachFromLayout":true,"widgetId":"0","topRow":0.0,"bottomRow":380.0,"containerStyle":"none","snapRows":124.0,"parentRowSpace":1.0,"type":"CANVAS_WIDGET","canExtend":true,"version":88.0,"minHeight":1292.0,"dynamicTriggerPathList":[],"parentColumnSpace":1.0,"dynamicBindingPathList":[],"leftColumn":0.0,"children":[{"boxShadow":"none","iconSVG":"/static/media/icon.f2c34197dbcf03595098986de898928f.svg","topRow":20.0,"labelWidth":5.0,"type":"INPUT_WIDGET_V2","animateLoading":true,"resetOnSubmit":true,"leftColumn":12.0,"dynamicBindingPathList":[{"key":"accentColor"},{"key":"borderRadius"},{"key":"defaultText"}],"labelStyle":"","inputType":"TEXT","isDisabled":false,"isRequired":false,"dynamicHeight":"FIXED","accentColor":"{{appsmith.theme.colors.primaryColor}}","showStepArrows":false,"isVisible":true,"version":2.0,"tags":["Suggested","Inputs"],"isLoading":false,"borderRadius":"{{appsmith.theme.borderRadius.appBorderRadius}}","mobileBottomRow":27.0,"widgetName":"received_input","displayName":"Input","searchTags":["form","text input","number","textarea"],"bottomRow":27.0,"parentRowSpace":10.0,"autoFocus":false,"hideCard":false,"mobileRightColumn":32.0,"parentColumnSpace":13.0,"dynamicTriggerPathList":[],"labelPosition":"Top","key":"zrvr6gx4bv","labelTextSize":"0.875rem","isDeprecated":false,"rightColumn":32.0,"widgetId":"na4qe9e4fz","minWidth":450.0,"label":"Received input","parentId":"0","labelAlignment":"left","renderMode":"CANVAS","mobileTopRow":20.0,"responsiveBehavior":"fill","mobileLeftColumn":12.0,"maxDynamicHeight":9000.0,"iconAlign":"left","defaultText":"{{appsmith.URL.queryParams.sharedVariable}}","minDynamicHeight":4.0}]},"layoutOnLoadActions":[],"layoutOnLoadActionErrors":[],"validOnPageLoadActions":true,"id":"Page1","deleted":false,"policies":[],"userPermissions":[]}],"userPermissions":[],"policies":[]},"publishedPage":{"name":"Page1","slug":"page1","layouts":[{"viewMode":false,"dsl":{"widgetName":"MainContainer","backgroundColor":"none","rightColumn":4896.0,"snapColumns":64.0,"detachFromLayout":true,"widgetId":"0","topRow":0.0,"bottomRow":380.0,"containerStyle":"none","snapRows":124.0,"parentRowSpace":1.0,"type":"CANVAS_WIDGET","canExtend":true,"version":88.0,"minHeight":1292.0,"dynamicTriggerPathList":[],"parentColumnSpace":1.0,"dynamicBindingPathList":[],"leftColumn":0.0,"children":[{"boxShadow":"none","iconSVG":"/static/media/icon.f2c34197dbcf03595098986de898928f.svg","topRow":20.0,"labelWidth":5.0,"type":"INPUT_WIDGET_V2","animateLoading":true,"resetOnSubmit":true,"leftColumn":12.0,"dynamicBindingPathList":[{"key":"accentColor"},{"key":"borderRadius"},{"key":"defaultText"}],"labelStyle":"","inputType":"TEXT","isDisabled":false,"isRequired":false,"dynamicHeight":"FIXED","accentColor":"{{appsmith.theme.colors.primaryColor}}","showStepArrows":false,"isVisible":true,"version":2.0,"tags":["Suggested","Inputs"],"isLoading":false,"borderRadius":"{{appsmith.theme.borderRadius.appBorderRadius}}","mobileBottomRow":27.0,"widgetName":"received_input","displayName":"Input","searchTags":["form","text input","number","textarea"],"bottomRow":27.0,"parentRowSpace":10.0,"autoFocus":false,"hideCard":false,"mobileRightColumn":32.0,"parentColumnSpace":13.0,"dynamicTriggerPathList":[],"labelPosition":"Top","key":"zrvr6gx4bv","labelTextSize":"0.875rem","isDeprecated":false,"rightColumn":32.0,"widgetId":"na4qe9e4fz","minWidth":450.0,"label":"Received input","parentId":"0","labelAlignment":"left","renderMode":"CANVAS","mobileTopRow":20.0,"responsiveBehavior":"fill","mobileLeftColumn":12.0,"maxDynamicHeight":9000.0,"iconAlign":"left","defaultText":"{{appsmith.URL.queryParams.sharedVariable}}","minDynamicHeight":4.0}]},"layoutOnLoadActions":[],"layoutOnLoadActionErrors":[],"validOnPageLoadActions":true,"id":"Page1","deleted":false,"policies":[],"userPermissions":[]}],"userPermissions":[],"policies":[]},"deleted":false,"gitSyncId":"65fa6160dc4fa21cdb10c110_65fa6160dc4fa21cdb10c112"}],"actionList":[],"actionCollectionList":[],"updatedResources":{"customJSLibList":[],"actionList":[],"pageList":["Page1"],"actionCollectionList":[]},"editModeTheme":{"name":"Default-New","displayName":"Modern","isSystemTheme":true,"deleted":false},"publishedTheme":{"name":"Default-New","displayName":"Modern","isSystemTheme":true,"deleted":false}}