{"clientSchemaVersion":1.0,"serverSchemaVersion":7.0,"exportedApplication":{"name":"sending-app","isPublic":true,"pages":[{"id":"Page1","isDefault":true}],"publishedPages":[{"id":"Page1","isDefault":true}],"viewMode":false,"appIsExample":false,"unreadCommentThreads":0.0,"unpublishedApplicationDetail":{"appPositioning":{"type":"FIXED"},"navigationSetting":{"showNavbar":true,"orientation":"top","navStyle":"stacked","position":"static","itemStyle":"text","colorStyle":"light","logoAssetId":"","logoConfiguration":"logoAndApplicationTitle","showSignIn":true}},"publishedApplicationDetail":{"appPositioning":{"type":"FIXED"},"navigationSetting":{"showNavbar":true,"orientation":"top","navStyle":"stacked","position":"static","itemStyle":"text","colorStyle":"light","logoAssetId":"","logoConfiguration":"logoAndApplicationTitle","showSignIn":true}},"color":"#D6D1F2","icon":"hospital","slug":"sending-app","unpublishedAppLayout":{"type":"FLUID"},"publishedAppLayout":{"type":"FLUID"},"unpublishedCustomJSLibs":[],"publishedCustomJSLibs":[],"evaluationVersion":2.0,"applicationVersion":2.0,"collapseInvisibleWidgets":true,"isManualUpdate":false,"deleted":false},"datasourceList":[],"customJSLibList":[],"pageList":[{"unpublishedPage":{"name":"Page1","slug":"page1","layouts":[{"viewMode":false,"dsl":{"widgetName":"MainContainer","backgroundColor":"none","rightColumn":4896.0,"snapColumns":64.0,"detachFromLayout":true,"widgetId":"0","topRow":0.0,"bottomRow":380.0,"containerStyle":"none","snapRows":124.0,"parentRowSpace":1.0,"type":"CANVAS_WIDGET","canExtend":true,"version":88.0,"minHeight":1292.0,"dynamicTriggerPathList":[],"parentColumnSpace":1.0,"dynamicBindingPathList":[],"leftColumn":0.0,"children":[{"boxShadow":"none","iconSVG":"/static/media/icon.f2c34197dbcf03595098986de898928f.svg","topRow":24.0,"tooltip":"","labelWidth":5.0,"type":"INPUT_WIDGET_V2","animateLoading":true,"resetOnSubmit":true,"leftColumn":12.0,"dynamicBindingPathList":[{"key":"accentColor"},{"key":"borderRadius"}],"labelStyle":"","inputType":"TEXT","placeholderText":"Enter a value...","isDisabled":false,"isRequired":false,"dynamicHeight":"FIXED","accentColor":"{{appsmith.theme.colors.primaryColor}}","showStepArrows":false,"isVisible":true,"version":2.0,"tags":["Suggested","Inputs"],"isLoading":false,"borderRadius":"{{appsmith.theme.borderRadius.appBorderRadius}}","mobileBottomRow":31.0,"widgetName":"valueToShare","displayName":"Input","searchTags":["form","text input","number","textarea"],"bottomRow":31.0,"parentRowSpace":10.0,"autoFocus":false,"hideCard":false,"mobileRightColumn":32.0,"parentColumnSpace":13.0,"dynamicTriggerPathList":[],"labelPosition":"Top","key":"bydpagshx9","labelTextSize":"0.875rem","isDeprecated":false,"rightColumn":32.0,"widgetId":"rzeaizjvdz","minWidth":450.0,"label":"Value to send to another application","parentId":"0","labelAlignment":"left","renderMode":"CANVAS","mobileTopRow":24.0,"responsiveBehavior":"fill","mobileLeftColumn":12.0,"maxDynamicHeight":9000.0,"iconAlign":"left","defaultText":"","minDynamicHeight":4.0},{"resetFormOnClick":false,"boxShadow":"none","mobileBottomRow":37.0,"widgetName":"Button1","onClick":"{{navigateTo('https://studio.stage.stage.spread.ai/app/receiving-application/page1-65fa6160dc4fa21cdb10c113', {\n  \"embed\": true,\n\t\"sharedVariable\": valueToShare.text\n}, 'SAME_WINDOW');}}","buttonColor":"{{appsmith.theme.colors.primaryColor}}","displayName":"Button","iconSVG":"/static/media/icon.05d209fafeb13a8569e3b4e97069d9ee.svg","searchTags":["click","submit"],"topRow":33.0,"bottomRow":37.0,"parentRowSpace":10.0,"type":"BUTTON_WIDGET","hideCard":false,"mobileRightColumn":28.0,"animateLoading":true,"parentColumnSpace":13.0,"dynamicTriggerPathList":[{"key":"onClick"}],"leftColumn":12.0,"dynamicBindingPathList":[{"key":"buttonColor"},{"key":"borderRadius"}],"text":"Send value","isDisabled":false,"key":"r7792e38pg","isDeprecated":false,"rightColumn":28.0,"isDefaultClickDisabled":true,"widgetId":"7oes1oup2n","minWidth":120.0,"isVisible":true,"recaptchaType":"V3","version":1.0,"parentId":"0","tags":["Buttons"],"renderMode":"CANVAS","isLoading":false,"mobileTopRow":33.0,"responsiveBehavior":"hug","disabledWhenInvalid":false,"borderRadius":"{{appsmith.theme.borderRadius.appBorderRadius}}","mobileLeftColumn":12.0,"buttonVariant":"PRIMARY","placement":"CENTER"}]},"layoutOnLoadActions":[],"layoutOnLoadActionErrors":[],"validOnPageLoadActions":true,"id":"Page1","deleted":false,"policies":[],"userPermissions":[]}],"userPermissions":[],"policies":[]},"publishedPage":{"name":"Page1","slug":"page1","layouts":[{"viewMode":false,"dsl":{"widgetName":"MainContainer","backgroundColor":"none","rightColumn":4896.0,"snapColumns":64.0,"detachFromLayout":true,"widgetId":"0","topRow":0.0,"bottomRow":380.0,"containerStyle":"none","snapRows":124.0,"parentRowSpace":1.0,"type":"CANVAS_WIDGET","canExtend":true,"version":88.0,"minHeight":1292.0,"dynamicTriggerPathList":[],"parentColumnSpace":1.0,"dynamicBindingPathList":[],"leftColumn":0.0,"children":[{"boxShadow":"none","iconSVG":"/static/media/icon.f2c34197dbcf03595098986de898928f.svg","topRow":24.0,"tooltip":"","labelWidth":5.0,"type":"INPUT_WIDGET_V2","animateLoading":true,"resetOnSubmit":true,"leftColumn":12.0,"dynamicBindingPathList":[{"key":"accentColor"},{"key":"borderRadius"}],"labelStyle":"","inputType":"TEXT","placeholderText":"Enter a value...","isDisabled":false,"isRequired":false,"dynamicHeight":"FIXED","accentColor":"{{appsmith.theme.colors.primaryColor}}","showStepArrows":false,"isVisible":true,"version":2.0,"tags":["Suggested","Inputs"],"isLoading":false,"borderRadius":"{{appsmith.theme.borderRadius.appBorderRadius}}","mobileBottomRow":31.0,"widgetName":"valueToShare","displayName":"Input","searchTags":["form","text input","number","textarea"],"bottomRow":31.0,"parentRowSpace":10.0,"autoFocus":false,"hideCard":false,"mobileRightColumn":32.0,"parentColumnSpace":13.0,"dynamicTriggerPathList":[],"labelPosition":"Top","key":"bydpagshx9","labelTextSize":"0.875rem","isDeprecated":false,"rightColumn":32.0,"widgetId":"rzeaizjvdz","minWidth":450.0,"label":"Value to send to another application","parentId":"0","labelAlignment":"left","renderMode":"CANVAS","mobileTopRow":24.0,"responsiveBehavior":"fill","mobileLeftColumn":12.0,"maxDynamicHeight":9000.0,"iconAlign":"left","defaultText":"","minDynamicHeight":4.0},{"resetFormOnClick":false,"boxShadow":"none","mobileBottomRow":37.0,"widgetName":"Button1","onClick":"{{navigateTo('https://studio.stage.stage.spread.ai/app/receiving-application/page1-65fa6160dc4fa21cdb10c113', {\n  \"embed\": true,\n\t\"sharedVariable\": valueToShare.text\n}, 'SAME_WINDOW');}}","buttonColor":"{{appsmith.theme.colors.primaryColor}}","displayName":"Button","iconSVG":"/static/media/icon.05d209fafeb13a8569e3b4e97069d9ee.svg","searchTags":["click","submit"],"topRow":33.0,"bottomRow":37.0,"parentRowSpace":10.0,"type":"BUTTON_WIDGET","hideCard":false,"mobileRightColumn":28.0,"animateLoading":true,"parentColumnSpace":13.0,"dynamicTriggerPathList":[{"key":"onClick"}],"leftColumn":12.0,"dynamicBindingPathList":[{"key":"buttonColor"},{"key":"borderRadius"}],"text":"Send value","isDisabled":false,"key":"r7792e38pg","isDeprecated":false,"rightColumn":28.0,"isDefaultClickDisabled":true,"widgetId":"7oes1oup2n","minWidth":120.0,"isVisible":true,"recaptchaType":"V3","version":1.0,"parentId":"0","tags":["Buttons"],"renderMode":"CANVAS","isLoading":false,"mobileTopRow":33.0,"responsiveBehavior":"hug","disabledWhenInvalid":false,"borderRadius":"{{appsmith.theme.borderRadius.appBorderRadius}}","mobileLeftColumn":12.0,"buttonVariant":"PRIMARY","placement":"CENTER"}]},"layoutOnLoadActions":[],"layoutOnLoadActionErrors":[],"validOnPageLoadActions":true,"id":"Page1","deleted":false,"policies":[],"userPermissions":[]}],"userPermissions":[],"policies":[]},"deleted":false,"gitSyncId":"65f8552bdc4fa21cdb10c0f0_65f8552bdc4fa21cdb10c0f2"}],"actionList":[],"actionCollectionList":[],"updatedResources":{"customJSLibList":[],"actionList":[],"pageList":["Page1"],"actionCollectionList":[]},"editModeTheme":{"name":"Default-New","displayName":"Modern","isSystemTheme":true,"deleted":false},"publishedTheme":{"name":"Default-New","displayName":"Modern","isSystemTheme":true,"deleted":false}}